{
  "flh_model": {
    "wikitext2": {
      "perplexity": 11.96587085723877,
      "eval_time_seconds": 98.829505443573,
      "total_tokens": 289077,
      "seq_length": 2048,
      "num_samples": 141
    }
  },
  "original_model": {
    "wikitext2": {
      "perplexity": 9.750959396362305,
      "eval_time_seconds": 14.97834825515747,
      "total_tokens": 289077,
      "seq_length": 2048,
      "num_samples": 141
    }
  },
  "differences": {
    "wikitext2": {
      "perplexity": {
        "flh": 11.96587085723877,
        "original": 9.750959396362305,
        "absolute_diff": 2.214911460876465,
        "relative_diff_percent": 22.71480549598802
      },
      "eval_time_seconds": {
        "flh": 98.829505443573,
        "original": 14.97834825515747,
        "absolute_diff": 83.85115718841553,
        "relative_diff_percent": 559.815780485296
      },
      "total_tokens": {
        "flh": 289077,
        "original": 289077,
        "absolute_diff": 0,
        "relative_diff_percent": 0.0
      },
      "seq_length": {
        "flh": 2048,
        "original": 2048,
        "absolute_diff": 0,
        "relative_diff_percent": 0.0
      },
      "num_samples": {
        "flh": 141,
        "original": 141,
        "absolute_diff": 0,
        "relative_diff_percent": 0.0
      }
    }
  }
}