{
  "flh_model": {
    "wikitext2": {
      "perplexity": 5.798557758331299,
      "eval_time_seconds": 190.15056109428406,
      "total_tokens": 341469,
      "seq_length": 2048,
      "num_samples": 166
    }
  },
  "original_model": {
    "wikitext2": {
      "perplexity": 5.472098350524902,
      "eval_time_seconds": 93.7411253452301,
      "total_tokens": 341469,
      "seq_length": 2048,
      "num_samples": 166
    }
  },
  "differences": {
    "wikitext2": {
      "perplexity": {
        "flh": 5.798557758331299,
        "original": 5.472098350524902,
        "absolute_diff": 0.3264594078063965,
        "relative_diff_percent": 5.965890722250658
      },
      "eval_time_seconds": {
        "flh": 190.15056109428406,
        "original": 93.7411253452301,
        "absolute_diff": 96.40943574905396,
        "relative_diff_percent": 102.8464672191602
      },
      "total_tokens": {
        "flh": 341469,
        "original": 341469,
        "absolute_diff": 0,
        "relative_diff_percent": 0.0
      },
      "seq_length": {
        "flh": 2048,
        "original": 2048,
        "absolute_diff": 0,
        "relative_diff_percent": 0.0
      },
      "num_samples": {
        "flh": 166,
        "original": 166,
        "absolute_diff": 0,
        "relative_diff_percent": 0.0
      }
    }
  }
}