{
  "flh_model": {
    "wikitext2": {
      "perplexity": 11.934491157531738,
      "eval_time_seconds": 25.863341569900513,
      "total_tokens": 289077,
      "seq_length": 2048,
      "num_samples": 141
    }
  },
  "original_model": {
    "wikitext2": {
      "perplexity": 9.750959396362305,
      "eval_time_seconds": 14.859713077545166,
      "total_tokens": 289077,
      "seq_length": 2048,
      "num_samples": 141
    }
  },
  "differences": {
    "wikitext2": {
      "perplexity": {
        "flh": 11.934491157531738,
        "original": 9.750959396362305,
        "absolute_diff": 2.1835317611694336,
        "relative_diff_percent": 22.392994088192207
      },
      "eval_time_seconds": {
        "flh": 25.863341569900513,
        "original": 14.859713077545166,
        "absolute_diff": 11.003628492355347,
        "relative_diff_percent": 74.05007374592695
      },
      "total_tokens": {
        "flh": 289077,
        "original": 289077,
        "absolute_diff": 0,
        "relative_diff_percent": 0.0
      },
      "seq_length": {
        "flh": 2048,
        "original": 2048,
        "absolute_diff": 0,
        "relative_diff_percent": 0.0
      },
      "num_samples": {
        "flh": 141,
        "original": 141,
        "absolute_diff": 0,
        "relative_diff_percent": 0.0
      }
    }
  }
}