{
  "flh_model": {
    "wikitext2": {
      "perplexity": 12.50118350982666,
      "eval_time_seconds": 136.07584500312805,
      "total_tokens": 289077,
      "seq_length": 2048,
      "num_samples": 141
    }
  },
  "original_model": {
    "wikitext2": {
      "perplexity": 9.750959396362305,
      "eval_time_seconds": 14.956122636795044,
      "total_tokens": 289077,
      "seq_length": 2048,
      "num_samples": 141
    }
  },
  "differences": {
    "wikitext2": {
      "perplexity": {
        "flh": 12.50118350982666,
        "original": 9.750959396362305,
        "absolute_diff": 2.7502241134643555,
        "relative_diff_percent": 28.204651477580295
      },
      "eval_time_seconds": {
        "flh": 136.07584500312805,
        "original": 14.956122636795044,
        "absolute_diff": 121.11972236633301,
        "relative_diff_percent": 809.8337069552662
      },
      "total_tokens": {
        "flh": 289077,
        "original": 289077,
        "absolute_diff": 0,
        "relative_diff_percent": 0.0
      },
      "seq_length": {
        "flh": 2048,
        "original": 2048,
        "absolute_diff": 0,
        "relative_diff_percent": 0.0
      },
      "num_samples": {
        "flh": 141,
        "original": 141,
        "absolute_diff": 0,
        "relative_diff_percent": 0.0
      }
    }
  }
}