{
  "flh_model": {
    "wikitext2": {
      "perplexity": 7.1651387214660645,
      "eval_time_seconds": 114.11463618278503,
      "total_tokens": 289077,
      "seq_length": 2048,
      "num_samples": 141
    }
  },
  "original_model": {
    "wikitext2": {
      "perplexity": 6.135708808898926,
      "eval_time_seconds": 77.15562677383423,
      "total_tokens": 289077,
      "seq_length": 2048,
      "num_samples": 141
    }
  },
  "differences": {
    "wikitext2": {
      "perplexity": {
        "flh": 7.1651387214660645,
        "original": 6.135708808898926,
        "absolute_diff": 1.0294299125671387,
        "relative_diff_percent": 16.777685262281434
      },
      "eval_time_seconds": {
        "flh": 114.11463618278503,
        "original": 77.15562677383423,
        "absolute_diff": 36.959009408950806,
        "relative_diff_percent": 47.90189770253374
      },
      "total_tokens": {
        "flh": 289077,
        "original": 289077,
        "absolute_diff": 0,
        "relative_diff_percent": 0.0
      },
      "seq_length": {
        "flh": 2048,
        "original": 2048,
        "absolute_diff": 0,
        "relative_diff_percent": 0.0
      },
      "num_samples": {
        "flh": 141,
        "original": 141,
        "absolute_diff": 0,
        "relative_diff_percent": 0.0
      }
    }
  }
}