{
  "flh_model": {
    "wikitext2": {
      "perplexity": 5.8583173751831055,
      "eval_time_seconds": 36.665217876434326,
      "total_tokens": 341469,
      "seq_length": 2048,
      "num_samples": 166
    }
  },
  "original_model": {
    "wikitext2": {
      "perplexity": 5.472098350524902,
      "eval_time_seconds": 82.07325196266174,
      "total_tokens": 341469,
      "seq_length": 2048,
      "num_samples": 166
    }
  },
  "differences": {
    "wikitext2": {
      "perplexity": {
        "flh": 5.8583173751831055,
        "original": 5.472098350524902,
        "absolute_diff": 0.3862190246582031,
        "relative_diff_percent": 7.057969355049251
      },
      "eval_time_seconds": {
        "flh": 36.665217876434326,
        "original": 82.07325196266174,
        "absolute_diff": -45.40803408622742,
        "relative_diff_percent": -55.32622748625249
      },
      "total_tokens": {
        "flh": 341469,
        "original": 341469,
        "absolute_diff": 0,
        "relative_diff_percent": 0.0
      },
      "seq_length": {
        "flh": 2048,
        "original": 2048,
        "absolute_diff": 0,
        "relative_diff_percent": 0.0
      },
      "num_samples": {
        "flh": 166,
        "original": 166,
        "absolute_diff": 0,
        "relative_diff_percent": 0.0
      }
    }
  }
}