{
  "flh_model": {
    "wikitext2": {
      "perplexity": 11.94179630279541,
      "eval_time_seconds": 25.897255659103394,
      "total_tokens": 289077,
      "seq_length": 2048,
      "num_samples": 141
    }
  },
  "original_model": {
    "wikitext2": {
      "perplexity": 9.750959396362305,
      "eval_time_seconds": 14.751890659332275,
      "total_tokens": 289077,
      "seq_length": 2048,
      "num_samples": 141
    }
  },
  "differences": {
    "wikitext2": {
      "perplexity": {
        "flh": 11.94179630279541,
        "original": 9.750959396362305,
        "absolute_diff": 2.1908369064331055,
        "relative_diff_percent": 22.467911283175066
      },
      "eval_time_seconds": {
        "flh": 25.897255659103394,
        "original": 14.751890659332275,
        "absolute_diff": 11.145364999771118,
        "relative_diff_percent": 75.55211231667032
      },
      "total_tokens": {
        "flh": 289077,
        "original": 289077,
        "absolute_diff": 0,
        "relative_diff_percent": 0.0
      },
      "seq_length": {
        "flh": 2048,
        "original": 2048,
        "absolute_diff": 0,
        "relative_diff_percent": 0.0
      },
      "num_samples": {
        "flh": 141,
        "original": 141,
        "absolute_diff": 0,
        "relative_diff_percent": 0.0
      }
    }
  }
}