{
  "flh_model": {
    "wikitext2": {
      "perplexity": 12.507441520690918,
      "eval_time_seconds": 33.2558069229126,
      "total_tokens": 289077,
      "seq_length": 2048,
      "num_samples": 141
    }
  },
  "original_model": {
    "wikitext2": {
      "perplexity": 9.750959396362305,
      "eval_time_seconds": 14.935622692108154,
      "total_tokens": 289077,
      "seq_length": 2048,
      "num_samples": 141
    }
  },
  "differences": {
    "wikitext2": {
      "perplexity": {
        "flh": 12.507441520690918,
        "original": 9.750959396362305,
        "absolute_diff": 2.7564821243286133,
        "relative_diff_percent": 28.268829889261433
      },
      "eval_time_seconds": {
        "flh": 33.2558069229126,
        "original": 14.935622692108154,
        "absolute_diff": 18.320184230804443,
        "relative_diff_percent": 122.66100053856248
      },
      "total_tokens": {
        "flh": 289077,
        "original": 289077,
        "absolute_diff": 0,
        "relative_diff_percent": 0.0
      },
      "seq_length": {
        "flh": 2048,
        "original": 2048,
        "absolute_diff": 0,
        "relative_diff_percent": 0.0
      },
      "num_samples": {
        "flh": 141,
        "original": 141,
        "absolute_diff": 0,
        "relative_diff_percent": 0.0
      }
    }
  }
}