{
  "flh_model": {
    "wikitext2": {
      "perplexity": 7.635712623596191,
      "eval_time_seconds": 165.95376539230347,
      "total_tokens": 341469,
      "seq_length": 2048,
      "num_samples": 166
    }
  },
  "original_model": {
    "wikitext2": {
      "perplexity": 5.472098350524902,
      "eval_time_seconds": 82.42053246498108,
      "total_tokens": 341469,
      "seq_length": 2048,
      "num_samples": 166
    }
  },
  "differences": {
    "wikitext2": {
      "perplexity": {
        "flh": 7.635712623596191,
        "original": 5.472098350524902,
        "absolute_diff": 2.163614273071289,
        "relative_diff_percent": 39.53902387123118
      },
      "eval_time_seconds": {
        "flh": 165.95376539230347,
        "original": 82.42053246498108,
        "absolute_diff": 83.53323292732239,
        "relative_diff_percent": 101.35002823818698
      },
      "total_tokens": {
        "flh": 341469,
        "original": 341469,
        "absolute_diff": 0,
        "relative_diff_percent": 0.0
      },
      "seq_length": {
        "flh": 2048,
        "original": 2048,
        "absolute_diff": 0,
        "relative_diff_percent": 0.0
      },
      "num_samples": {
        "flh": 166,
        "original": 166,
        "absolute_diff": 0,
        "relative_diff_percent": 0.0
      }
    }
  }
}