{
  "flh_model": {
    "wikitext2": {
      "perplexity": 20.411977767944336,
      "eval_time_seconds": 23.7182834148407,
      "total_tokens": 289077,
      "seq_length": 2048,
      "num_samples": 141
    }
  },
  "original_model": {
    "wikitext2": {
      "perplexity": 9.750959396362305,
      "eval_time_seconds": 14.670753240585327,
      "total_tokens": 289077,
      "seq_length": 2048,
      "num_samples": 141
    }
  },
  "differences": {
    "wikitext2": {
      "perplexity": {
        "flh": 20.411977767944336,
        "original": 9.750959396362305,
        "absolute_diff": 10.661018371582031,
        "relative_diff_percent": 109.3330198417115
      },
      "eval_time_seconds": {
        "flh": 23.7182834148407,
        "original": 14.670753240585327,
        "absolute_diff": 9.047530174255371,
        "relative_diff_percent": 61.670522473421386
      },
      "total_tokens": {
        "flh": 289077,
        "original": 289077,
        "absolute_diff": 0,
        "relative_diff_percent": 0.0
      },
      "seq_length": {
        "flh": 2048,
        "original": 2048,
        "absolute_diff": 0,
        "relative_diff_percent": 0.0
      },
      "num_samples": {
        "flh": 141,
        "original": 141,
        "absolute_diff": 0,
        "relative_diff_percent": 0.0
      }
    }
  }
}