{
  "flh_model": {
    "wikitext2": {
      "perplexity": 11.969945907592773,
      "eval_time_seconds": 136.12120819091797,
      "total_tokens": 289077,
      "seq_length": 2048,
      "num_samples": 141
    }
  },
  "original_model": {
    "wikitext2": {
      "perplexity": 9.750959396362305,
      "eval_time_seconds": 14.967694759368896,
      "total_tokens": 289077,
      "seq_length": 2048,
      "num_samples": 141
    }
  },
  "differences": {
    "wikitext2": {
      "perplexity": {
        "flh": 11.969945907592773,
        "original": 9.750959396362305,
        "absolute_diff": 2.2189865112304688,
        "relative_diff_percent": 22.756596771988246
      },
      "eval_time_seconds": {
        "flh": 136.12120819091797,
        "original": 14.967694759368896,
        "absolute_diff": 121.15351343154907,
        "relative_diff_percent": 809.433352158081
      },
      "total_tokens": {
        "flh": 289077,
        "original": 289077,
        "absolute_diff": 0,
        "relative_diff_percent": 0.0
      },
      "seq_length": {
        "flh": 2048,
        "original": 2048,
        "absolute_diff": 0,
        "relative_diff_percent": 0.0
      },
      "num_samples": {
        "flh": 141,
        "original": 141,
        "absolute_diff": 0,
        "relative_diff_percent": 0.0
      }
    }
  }
}