{
  "flh_model": {
    "wikitext2": {
      "perplexity": 5.854557991027832,
      "eval_time_seconds": 50.295926332473755,
      "total_tokens": 341469,
      "seq_length": 2048,
      "num_samples": 166
    }
  },
  "original_model": {
    "wikitext2": {
      "perplexity": 5.472098350524902,
      "eval_time_seconds": 82.27776980400085,
      "total_tokens": 341469,
      "seq_length": 2048,
      "num_samples": 166
    }
  },
  "differences": {
    "wikitext2": {
      "perplexity": {
        "flh": 5.854557991027832,
        "original": 5.472098350524902,
        "absolute_diff": 0.3824596405029297,
        "relative_diff_percent": 6.989268394020054
      },
      "eval_time_seconds": {
        "flh": 50.295926332473755,
        "original": 82.27776980400085,
        "absolute_diff": -31.9818434715271,
        "relative_diff_percent": -38.87057652111026
      },
      "total_tokens": {
        "flh": 341469,
        "original": 341469,
        "absolute_diff": 0,
        "relative_diff_percent": 0.0
      },
      "seq_length": {
        "flh": 2048,
        "original": 2048,
        "absolute_diff": 0,
        "relative_diff_percent": 0.0
      },
      "num_samples": {
        "flh": 166,
        "original": 166,
        "absolute_diff": 0,
        "relative_diff_percent": 0.0
      }
    }
  }
}