{
  "flh_model": {
    "wikitext2": {
      "perplexity": 181258.65625,
      "eval_time_seconds": 37.00604701042175,
      "total_tokens": 341469,
      "seq_length": 2048,
      "num_samples": 166
    }
  },
  "original_model": {
    "wikitext2": {
      "perplexity": 5.472263336181641,
      "eval_time_seconds": 89.13196444511414,
      "total_tokens": 341469,
      "seq_length": 2048,
      "num_samples": 166
    }
  },
  "differences": {
    "wikitext2": {
      "perplexity": {
        "flh": 181258.65625,
        "original": 5.472263336181641,
        "absolute_diff": 181253.18398666382,
        "relative_diff_percent": 3312216.0402670996
      },
      "eval_time_seconds": {
        "flh": 37.00604701042175,
        "original": 89.13196444511414,
        "absolute_diff": -52.12591743469238,
        "relative_diff_percent": -58.48173296661782
      },
      "total_tokens": {
        "flh": 341469,
        "original": 341469,
        "absolute_diff": 0,
        "relative_diff_percent": 0.0
      },
      "seq_length": {
        "flh": 2048,
        "original": 2048,
        "absolute_diff": 0,
        "relative_diff_percent": 0.0
      },
      "num_samples": {
        "flh": 166,
        "original": 166,
        "absolute_diff": 0,
        "relative_diff_percent": 0.0
      }
    }
  }
}