{
  "flh_model": {
    "wikitext2": {
      "perplexity": 11.613309860229492,
      "eval_time_seconds": 25.821433782577515,
      "total_tokens": 289077,
      "seq_length": 2048,
      "num_samples": 141
    }
  },
  "original_model": {
    "wikitext2": {
      "perplexity": 9.750959396362305,
      "eval_time_seconds": 14.833725214004517,
      "total_tokens": 289077,
      "seq_length": 2048,
      "num_samples": 141
    }
  },
  "differences": {
    "wikitext2": {
      "perplexity": {
        "flh": 11.613309860229492,
        "original": 9.750959396362305,
        "absolute_diff": 1.8623504638671875,
        "relative_diff_percent": 19.099151049300406
      },
      "eval_time_seconds": {
        "flh": 25.821433782577515,
        "original": 14.833725214004517,
        "absolute_diff": 10.987708568572998,
        "relative_diff_percent": 74.07248287301093
      },
      "total_tokens": {
        "flh": 289077,
        "original": 289077,
        "absolute_diff": 0,
        "relative_diff_percent": 0.0
      },
      "seq_length": {
        "flh": 2048,
        "original": 2048,
        "absolute_diff": 0,
        "relative_diff_percent": 0.0
      },
      "num_samples": {
        "flh": 141,
        "original": 141,
        "absolute_diff": 0,
        "relative_diff_percent": 0.0
      }
    }
  }
}