{
  "flh_model": {
    "wikitext2": {
      "perplexity": 12.13178539276123,
      "eval_time_seconds": 20.715826272964478,
      "total_tokens": 289077,
      "seq_length": 2048,
      "num_samples": 141
    }
  },
  "original_model": {
    "wikitext2": {
      "perplexity": 9.750959396362305,
      "eval_time_seconds": 14.667500257492065,
      "total_tokens": 289077,
      "seq_length": 2048,
      "num_samples": 141
    }
  },
  "differences": {
    "wikitext2": {
      "perplexity": {
        "flh": 12.13178539276123,
        "original": 9.750959396362305,
        "absolute_diff": 2.380825996398926,
        "relative_diff_percent": 24.41632561086366
      },
      "eval_time_seconds": {
        "flh": 20.715826272964478,
        "original": 14.667500257492065,
        "absolute_diff": 6.048326015472412,
        "relative_diff_percent": 41.23624277683558
      },
      "total_tokens": {
        "flh": 289077,
        "original": 289077,
        "absolute_diff": 0,
        "relative_diff_percent": 0.0
      },
      "seq_length": {
        "flh": 2048,
        "original": 2048,
        "absolute_diff": 0,
        "relative_diff_percent": 0.0
      },
      "num_samples": {
        "flh": 141,
        "original": 141,
        "absolute_diff": 0,
        "relative_diff_percent": 0.0
      }
    }
  }
}