{
  "flh_model": {
    "wikitext2": {
      "perplexity": 5.785397052764893,
      "eval_time_seconds": 218.57439637184143,
      "total_tokens": 341469,
      "seq_length": 2048,
      "num_samples": 166
    }
  },
  "original_model": {
    "wikitext2": {
      "perplexity": 5.472098350524902,
      "eval_time_seconds": 106.93875694274902,
      "total_tokens": 341469,
      "seq_length": 2048,
      "num_samples": 166
    }
  },
  "differences": {
    "wikitext2": {
      "perplexity": {
        "flh": 5.785397052764893,
        "original": 5.472098350524902,
        "absolute_diff": 0.31329870223999023,
        "relative_diff_percent": 5.72538507481207
      },
      "eval_time_seconds": {
        "flh": 218.57439637184143,
        "original": 106.93875694274902,
        "absolute_diff": 111.63563942909241,
        "relative_diff_percent": 104.39212369829389
      },
      "total_tokens": {
        "flh": 341469,
        "original": 341469,
        "absolute_diff": 0,
        "relative_diff_percent": 0.0
      },
      "seq_length": {
        "flh": 2048,
        "original": 2048,
        "absolute_diff": 0,
        "relative_diff_percent": 0.0
      },
      "num_samples": {
        "flh": 166,
        "original": 166,
        "absolute_diff": 0,
        "relative_diff_percent": 0.0
      }
    }
  }
}